lapangan_usaha,kode,is_utama,tahun,indeks_implisit,laju_implisit
"A. Pertanian, Kehutanan dan Perikanan",A,True,2021,159.0,8.01
"A. Pertanian, Kehutanan dan Perikanan",A,True,2022,167.29,5.22
"A. Pertanian, Kehutanan dan Perikanan",A,True,2023,174.04,4.03
"A. Pertanian, Kehutanan dan Perikanan",A,True,2024,181.04,4.02
"A. Pertanian, Kehutanan dan Perikanan",A,True,2025,192.37,6.26
"1. Pertanian, Peternakan, Perburuan dan Jasa Pertanian",SUB,False,2021,168.75,10.94
"1. Pertanian, Peternakan, Perburuan dan Jasa Pertanian",SUB,False,2022,180.89,7.19
"1. Pertanian, Peternakan, Perburuan dan Jasa Pertanian",SUB,False,2023,191.34,5.77
"1. Pertanian, Peternakan, Perburuan dan Jasa Pertanian",SUB,False,2024,209.11,9.29
"1. Pertanian, Peternakan, Perburuan dan Jasa Pertanian",SUB,False,2025,228.99,9.51
a. Tanaman Pangan,SUB,False,2021,194.31,3.61
a. Tanaman Pangan,SUB,False,2022,200.55,3.21
a. Tanaman Pangan,SUB,False,2023,206.57,3.0
a. Tanaman Pangan,SUB,False,2024,214.35,3.77
a. Tanaman Pangan,SUB,False,2025,212.01,-1.09
b. Tanaman Hortikultura,SUB,False,2021,161.94,-0.05
b. Tanaman Hortikultura,SUB,False,2022,169.36,4.58
b. Tanaman Hortikultura,SUB,False,2023,174.88,3.26
b. Tanaman Hortikultura,SUB,False,2024,182.09,4.12
b. Tanaman Hortikultura,SUB,False,2025,192.6,5.77
c. Tanaman Perkebunan,SUB,False,2021,183.82,17.95
c. Tanaman Perkebunan,SUB,False,2022,199.88,8.74
c. Tanaman Perkebunan,SUB,False,2023,212.17,6.15
c. Tanaman Perkebunan,SUB,False,2024,241.83,13.98
c. Tanaman Perkebunan,SUB,False,2025,279.27,15.48
d. Peternakan,SUB,False,2021,152.09,6.2
d. Peternakan,SUB,False,2022,161.72,6.34
d. Peternakan,SUB,False,2023,171.92,6.3
d. Peternakan,SUB,False,2024,172.61,0.4
d. Peternakan,SUB,False,2025,174.83,1.29
e. Jasa Pertanian dan Perburuan,SUB,False,2021,136.5,5.2
e. Jasa Pertanian dan Perburuan,SUB,False,2022,144.87,6.13
e. Jasa Pertanian dan Perburuan,SUB,False,2023,150.72,4.04
e. Jasa Pertanian dan Perburuan,SUB,False,2024,155.68,3.29
e. Jasa Pertanian dan Perburuan,SUB,False,2025,157.82,1.37
2. Kehutanan dan Penebangan Kayu,SUB,False,2021,149.78,-3.57
2. Kehutanan dan Penebangan Kayu,SUB,False,2022,156.29,4.34
2. Kehutanan dan Penebangan Kayu,SUB,False,2023,161.7,3.46
2. Kehutanan dan Penebangan Kayu,SUB,False,2024,163.2,0.93
2. Kehutanan dan Penebangan Kayu,SUB,False,2025,164.18,0.6
3. Perikanan,SUB,False,2021,152.27,5.81
3. Perikanan,SUB,False,2022,158.47,4.07
3. Perikanan,SUB,False,2023,164.11,3.56
3. Perikanan,SUB,False,2024,165.42,0.8
3. Perikanan,SUB,False,2025,172.5,4.28
B. Pertambangan dan Penggalian,B,True,2021,140.19,23.23
B. Pertambangan dan Penggalian,B,True,2022,168.75,20.37
B. Pertambangan dan Penggalian,B,True,2023,165.29,-2.05
B. Pertambangan dan Penggalian,B,True,2024,165.81,0.32
B. Pertambangan dan Penggalian,B,True,2025,160.28,-3.34
"1. Pertambangan Minyak, Gas, dan Panas Bumi",SUB,False,2021,138.22,21.48
"1. Pertambangan Minyak, Gas, dan Panas Bumi",SUB,False,2022,166.9,20.75
"1. Pertambangan Minyak, Gas, dan Panas Bumi",SUB,False,2023,159.09,-4.68
"1. Pertambangan Minyak, Gas, dan Panas Bumi",SUB,False,2024,158.87,-0.14
"1. Pertambangan Minyak, Gas, dan Panas Bumi",SUB,False,2025,153.34,-3.49
2. Pertambangan Batubara dan Lignit,SUB,False,2021,,
2. Pertambangan Batubara dan Lignit,SUB,False,2022,,
2. Pertambangan Batubara dan Lignit,SUB,False,2023,,
2. Pertambangan Batubara dan Lignit,SUB,False,2024,,
2. Pertambangan Batubara dan Lignit,SUB,False,2025,,
3. Pertambangan Bijih Logam,SUB,False,2021,161.69,55.03
3. Pertambangan Bijih Logam,SUB,False,2022,197.7,22.27
3. Pertambangan Bijih Logam,SUB,False,2023,227.94,15.29
3. Pertambangan Bijih Logam,SUB,False,2024,244.2,7.13
3. Pertambangan Bijih Logam,SUB,False,2025,247.49,1.35
4. Pertambangan dan Penggalian Lainnya,SUB,False,2021,137.26,2.08
4. Pertambangan dan Penggalian Lainnya,SUB,False,2022,144.38,5.19
4. Pertambangan dan Penggalian Lainnya,SUB,False,2023,150.11,3.97
4. Pertambangan dan Penggalian Lainnya,SUB,False,2024,148.18,-1.29
4. Pertambangan dan Penggalian Lainnya,SUB,False,2025,150.22,1.38
C. Industri Pengolahan,C,True,2021,152.59,2.88
C. Industri Pengolahan,C,True,2022,158.78,4.06
C. Industri Pengolahan,C,True,2023,163.49,2.97
C. Industri Pengolahan,C,True,2024,165.07,0.96
C. Industri Pengolahan,C,True,2025,168.45,2.05
1. Industri Batubara dan Pengilangan Migas,SUB,False,2021,,
1. Industri Batubara dan Pengilangan Migas,SUB,False,2022,,
1. Industri Batubara dan Pengilangan Migas,SUB,False,2023,,
1. Industri Batubara dan Pengilangan Migas,SUB,False,2024,,
1. Industri Batubara dan Pengilangan Migas,SUB,False,2025,,
2. Industri Makanan dan Minuman,SUB,False,2021,152.26,6.5
2. Industri Makanan dan Minuman,SUB,False,2022,160.44,5.37
2. Industri Makanan dan Minuman,SUB,False,2023,165.39,3.08
2. Industri Makanan dan Minuman,SUB,False,2024,170.8,3.27
2. Industri Makanan dan Minuman,SUB,False,2025,176.68,3.44
3. Industri Pengolahan Tembakau,SUB,False,2021,193.21,2.4
3. Industri Pengolahan Tembakau,SUB,False,2022,207.98,7.65
3. Industri Pengolahan Tembakau,SUB,False,2023,222.88,7.16
3. Industri Pengolahan Tembakau,SUB,False,2024,238.45,6.99
3. Industri Pengolahan Tembakau,SUB,False,2025,247.52,3.81
4. Industri Tekstil dan Pakaian Jadi,SUB,False,2021,150.92,2.15
4. Industri Tekstil dan Pakaian Jadi,SUB,False,2022,155.87,3.28
4. Industri Tekstil dan Pakaian Jadi,SUB,False,2023,158.76,1.85
4. Industri Tekstil dan Pakaian Jadi,SUB,False,2024,161.86,1.95
4. Industri Tekstil dan Pakaian Jadi,SUB,False,2025,163.9,1.26
"5. Industri Kulit, Barang dari Kulit dan Alas Kaki",SUB,False,2021,142.43,0.5
"5. Industri Kulit, Barang dari Kulit dan Alas Kaki",SUB,False,2022,145.18,1.93
"5. Industri Kulit, Barang dari Kulit dan Alas Kaki",SUB,False,2023,145.82,0.45
"5. Industri Kulit, Barang dari Kulit dan Alas Kaki",SUB,False,2024,148.07,1.54
"5. Industri Kulit, Barang dari Kulit dan Alas Kaki",SUB,False,2025,149.4,0.9
"6. Industri Kayu, Barang dari Kayu dan Gabus, & Anyaman",SUB,False,2021,153.09,1.61
"6. Industri Kayu, Barang dari Kayu dan Gabus, & Anyaman",SUB,False,2022,154.39,0.85
"6. Industri Kayu, Barang dari Kayu dan Gabus, & Anyaman",SUB,False,2023,157.37,1.92
"6. Industri Kayu, Barang dari Kayu dan Gabus, & Anyaman",SUB,False,2024,159.04,1.06
"6. Industri Kayu, Barang dari Kayu dan Gabus, & Anyaman",SUB,False,2025,166.23,4.52
"7. Industri Kertas, Percetakan & Reproduksi Media Rekaman",SUB,False,2021,167.78,0.81
"7. Industri Kertas, Percetakan & Reproduksi Media Rekaman",SUB,False,2022,169.05,0.75
"7. Industri Kertas, Percetakan & Reproduksi Media Rekaman",SUB,False,2023,176.32,4.3
"7. Industri Kertas, Percetakan & Reproduksi Media Rekaman",SUB,False,2024,179.61,1.87
"7. Industri Kertas, Percetakan & Reproduksi Media Rekaman",SUB,False,2025,179.77,0.09
"8. Industri Kimia, Farmasi, dan Obat Tradisional",SUB,False,2021,163.09,4.2
"8. Industri Kimia, Farmasi, dan Obat Tradisional",SUB,False,2022,172.98,6.07
"8. Industri Kimia, Farmasi, dan Obat Tradisional",SUB,False,2023,178.42,3.15
"8. Industri Kimia, Farmasi, dan Obat Tradisional",SUB,False,2024,180.0,0.88
"8. Industri Kimia, Farmasi, dan Obat Tradisional",SUB,False,2025,184.0,2.23
"9. Industri Karet, Barang dari Karet dan Plastik",SUB,False,2021,149.88,0.25
"9. Industri Karet, Barang dari Karet dan Plastik",SUB,False,2022,152.77,1.93
"9. Industri Karet, Barang dari Karet dan Plastik",SUB,False,2023,154.07,0.85
"9. Industri Karet, Barang dari Karet dan Plastik",SUB,False,2024,158.57,2.92
"9. Industri Karet, Barang dari Karet dan Plastik",SUB,False,2025,163.13,2.87
10. Industri Barang Galian Bukan Logam,SUB,False,2021,165.0,1.42
10. Industri Barang Galian Bukan Logam,SUB,False,2022,159.58,-3.29
10. Industri Barang Galian Bukan Logam,SUB,False,2023,162.62,1.91
10. Industri Barang Galian Bukan Logam,SUB,False,2024,165.88,2.01
10. Industri Barang Galian Bukan Logam,SUB,False,2025,170.0,2.48
11. Industri Logam Dasar,SUB,False,2021,120.6,4.12
11. Industri Logam Dasar,SUB,False,2022,137.89,14.33
11. Industri Logam Dasar,SUB,False,2023,145.69,5.66
11. Industri Logam Dasar,SUB,False,2024,147.91,1.52
11. Industri Logam Dasar,SUB,False,2025,154.25,4.28
"12. Industri Barang Logam, Komputer, Elektronik, Optik, & Kelistrikan",SUB,False,2021,157.02,
"12. Industri Barang Logam, Komputer, Elektronik, Optik, & Kelistrikan",SUB,False,2022,162.65,
"12. Industri Barang Logam, Komputer, Elektronik, Optik, & Kelistrikan",SUB,False,2023,167.69,
"12. Industri Barang Logam, Komputer, Elektronik, Optik, & Kelistrikan",SUB,False,2024,168.7,
"12. Industri Barang Logam, Komputer, Elektronik, Optik, & Kelistrikan",SUB,False,2025,171.61,
13. Industri Mesin dan Perlengkapan,SUB,False,2021,163.23,1.52
13. Industri Mesin dan Perlengkapan,SUB,False,2022,164.78,0.95
13. Industri Mesin dan Perlengkapan,SUB,False,2023,167.47,1.63
13. Industri Mesin dan Perlengkapan,SUB,False,2024,169.48,1.2
13. Industri Mesin dan Perlengkapan,SUB,False,2025,171.04,0.92
14. Industri Alat Angkutan,SUB,False,2021,137.45,1.97
14. Industri Alat Angkutan,SUB,False,2022,144.93,5.44
14. Industri Alat Angkutan,SUB,False,2023,150.73,4.0
14. Industri Alat Angkutan,SUB,False,2024,153.16,1.61
14. Industri Alat Angkutan,SUB,False,2025,154.53,0.89
15. Industri Furnitur,SUB,False,2021,147.95,2.35
15. Industri Furnitur,SUB,False,2022,150.2,1.52
15. Industri Furnitur,SUB,False,2023,154.91,3.14
15. Industri Furnitur,SUB,False,2024,158.97,2.62
15. Industri Furnitur,SUB,False,2025,162.46,2.2
16. Industri Pengolahan Lainnya; Jasa Reparasi & Pemasangan,SUB,False,2021,152.61,-0.16
16. Industri Pengolahan Lainnya; Jasa Reparasi & Pemasangan,SUB,False,2022,155.32,1.78
16. Industri Pengolahan Lainnya; Jasa Reparasi & Pemasangan,SUB,False,2023,158.38,1.97
16. Industri Pengolahan Lainnya; Jasa Reparasi & Pemasangan,SUB,False,2024,160.85,1.56
16. Industri Pengolahan Lainnya; Jasa Reparasi & Pemasangan,SUB,False,2025,166.65,3.6
D. Pengadaan Listrik dan Gas,D,True,2021,165.76,0.68
D. Pengadaan Listrik dan Gas,D,True,2022,170.05,2.59
D. Pengadaan Listrik dan Gas,D,True,2023,171.58,0.9
D. Pengadaan Listrik dan Gas,D,True,2024,173.92,1.36
D. Pengadaan Listrik dan Gas,D,True,2025,177.61,2.12
1. Ketenagalistrikan,SUB,False,2021,103.34,-0.04
1. Ketenagalistrikan,SUB,False,2022,105.39,1.98
1. Ketenagalistrikan,SUB,False,2023,109.96,4.34
1. Ketenagalistrikan,SUB,False,2024,118.66,7.92
1. Ketenagalistrikan,SUB,False,2025,123.78,4.31
2. Pengadaan Gas dan Produksi Es,SUB,False,2021,186.79,0.44
2. Pengadaan Gas dan Produksi Es,SUB,False,2022,191.42,2.48
2. Pengadaan Gas dan Produksi Es,SUB,False,2023,191.95,0.28
2. Pengadaan Gas dan Produksi Es,SUB,False,2024,193.09,0.6
2. Pengadaan Gas dan Produksi Es,SUB,False,2025,197.44,2.25
"E. Pengadaan Air, Pengelolaan Sampah, Limbah dan Daur Ulang",E,True,2021,127.88,-0.66
"E. Pengadaan Air, Pengelolaan Sampah, Limbah dan Daur Ulang",E,True,2022,128.66,0.62
"E. Pengadaan Air, Pengelolaan Sampah, Limbah dan Daur Ulang",E,True,2023,129.71,0.82
"E. Pengadaan Air, Pengelolaan Sampah, Limbah dan Daur Ulang",E,True,2024,135.5,4.46
"E. Pengadaan Air, Pengelolaan Sampah, Limbah dan Daur Ulang",E,True,2025,137.35,1.37
F. Konstruksi,F,True,2021,159.85,2.91
F. Konstruksi,F,True,2022,169.13,5.81
F. Konstruksi,F,True,2023,173.63,2.66
F. Konstruksi,F,True,2024,174.89,0.73
F. Konstruksi,F,True,2025,176.57,0.96
"G. Perdagangan Besar dan Eceran, Reparasi Mobil dan Sepeda Motor",G,True,2021,165.34,3.13
"G. Perdagangan Besar dan Eceran, Reparasi Mobil dan Sepeda Motor",G,True,2022,176.66,6.85
"G. Perdagangan Besar dan Eceran, Reparasi Mobil dan Sepeda Motor",G,True,2023,184.1,4.21
"G. Perdagangan Besar dan Eceran, Reparasi Mobil dan Sepeda Motor",G,True,2024,188.43,2.35
"G. Perdagangan Besar dan Eceran, Reparasi Mobil dan Sepeda Motor",G,True,2025,193.29,2.58
"1. Perdagangan Mobil, Sepeda Motor dan Reparasinya",SUB,False,2021,152.0,1.22
"1. Perdagangan Mobil, Sepeda Motor dan Reparasinya",SUB,False,2022,155.33,2.19
"1. Perdagangan Mobil, Sepeda Motor dan Reparasinya",SUB,False,2023,159.42,2.64
"1. Perdagangan Mobil, Sepeda Motor dan Reparasinya",SUB,False,2024,164.69,3.31
"1. Perdagangan Mobil, Sepeda Motor dan Reparasinya",SUB,False,2025,167.97,1.99
"2. Perdagangan Besar & Eceran, Bukan Mobil dan Sepeda Motor",SUB,False,2021,170.4,3.69
"2. Perdagangan Besar & Eceran, Bukan Mobil dan Sepeda Motor",SUB,False,2022,184.4,8.22
"2. Perdagangan Besar & Eceran, Bukan Mobil dan Sepeda Motor",SUB,False,2023,192.43,4.36
"2. Perdagangan Besar & Eceran, Bukan Mobil dan Sepeda Motor",SUB,False,2024,196.26,1.99
"2. Perdagangan Besar & Eceran, Bukan Mobil dan Sepeda Motor",SUB,False,2025,200.41,2.11
H. Transportasi dan Pergudangan,H,True,2021,152.15,-5.33
H. Transportasi dan Pergudangan,H,True,2022,169.19,11.2
H. Transportasi dan Pergudangan,H,True,2023,169.26,0.04
H. Transportasi dan Pergudangan,H,True,2024,175.81,3.87
H. Transportasi dan Pergudangan,H,True,2025,175.76,-0.03
1. Angkutan Rel,SUB,False,2021,,
1. Angkutan Rel,SUB,False,2022,,
1. Angkutan Rel,SUB,False,2023,,
1. Angkutan Rel,SUB,False,2024,,
1. Angkutan Rel,SUB,False,2025,,
2. Angkutan Darat,SUB,False,2021,139.14,-1.43
2. Angkutan Darat,SUB,False,2022,141.63,1.79
2. Angkutan Darat,SUB,False,2023,148.26,4.68
2. Angkutan Darat,SUB,False,2024,152.15,2.63
2. Angkutan Darat,SUB,False,2025,154.09,1.27
3. Angkutan Laut,SUB,False,2021,147.03,-3.56
3. Angkutan Laut,SUB,False,2022,150.24,2.18
3. Angkutan Laut,SUB,False,2023,159.07,5.88
3. Angkutan Laut,SUB,False,2024,163.3,2.66
3. Angkutan Laut,SUB,False,2025,166.59,2.02
4. Angkutan Sungai Danau dan Penyeberangan,SUB,False,2021,143.0,-1.91
4. Angkutan Sungai Danau dan Penyeberangan,SUB,False,2022,144.51,1.06
4. Angkutan Sungai Danau dan Penyeberangan,SUB,False,2023,151.79,5.04
4. Angkutan Sungai Danau dan Penyeberangan,SUB,False,2024,154.76,1.96
4. Angkutan Sungai Danau dan Penyeberangan,SUB,False,2025,155.72,0.62
5. Angkutan Udara,SUB,False,2021,161.82,-9.28
5. Angkutan Udara,SUB,False,2022,203.07,25.49
5. Angkutan Udara,SUB,False,2023,190.34,-6.27
5. Angkutan Udara,SUB,False,2024,201.51,5.87
5. Angkutan Udara,SUB,False,2025,197.63,-1.93
6. Pergudangan & Jasa Penunjang Angkutan; Pos dan Kurir,SUB,False,2021,159.61,1.79
6. Pergudangan & Jasa Penunjang Angkutan; Pos dan Kurir,SUB,False,2022,169.1,5.94
6. Pergudangan & Jasa Penunjang Angkutan; Pos dan Kurir,SUB,False,2023,186.39,10.23
6. Pergudangan & Jasa Penunjang Angkutan; Pos dan Kurir,SUB,False,2024,186.11,-0.15
6. Pergudangan & Jasa Penunjang Angkutan; Pos dan Kurir,SUB,False,2025,187.34,0.66
I. Penyediaan Akomodasi dan Makan Minum,I,True,2021,134.34,0.19
I. Penyediaan Akomodasi dan Makan Minum,I,True,2022,138.09,2.8
I. Penyediaan Akomodasi dan Makan Minum,I,True,2023,140.22,1.54
I. Penyediaan Akomodasi dan Makan Minum,I,True,2024,142.65,1.74
I. Penyediaan Akomodasi dan Makan Minum,I,True,2025,144.86,1.55
1. Penyediaan Akomodasi,SUB,False,2021,133.22,-2.52
1. Penyediaan Akomodasi,SUB,False,2022,136.77,2.66
1. Penyediaan Akomodasi,SUB,False,2023,139.15,1.74
1. Penyediaan Akomodasi,SUB,False,2024,141.04,1.36
1. Penyediaan Akomodasi,SUB,False,2025,143.07,1.44
2. Penyediaan Makan Minum,SUB,False,2021,135.51,3.14
2. Penyediaan Makan Minum,SUB,False,2022,139.57,3.0
2. Penyediaan Makan Minum,SUB,False,2023,141.61,1.47
2. Penyediaan Makan Minum,SUB,False,2024,144.7,2.18
2. Penyediaan Makan Minum,SUB,False,2025,146.98,1.58
J. Informasi dan Komunikasi,J,True,2021,119.78,-0.38
J. Informasi dan Komunikasi,J,True,2022,120.23,0.38
J. Informasi dan Komunikasi,J,True,2023,121.18,0.79
J. Informasi dan Komunikasi,J,True,2024,121.96,0.64
J. Informasi dan Komunikasi,J,True,2025,121.6,-0.29
K. Jasa Keuangan dan Asuransi,K,True,2021,148.8,2.12
K. Jasa Keuangan dan Asuransi,K,True,2022,157.03,5.53
K. Jasa Keuangan dan Asuransi,K,True,2023,161.29,2.72
K. Jasa Keuangan dan Asuransi,K,True,2024,164.13,1.76
K. Jasa Keuangan dan Asuransi,K,True,2025,167.2,1.87
1. Jasa Perantara Keuangan,SUB,False,2021,159.5,5.91
1. Jasa Perantara Keuangan,SUB,False,2022,175.45,10.0
1. Jasa Perantara Keuangan,SUB,False,2023,178.43,1.7
1. Jasa Perantara Keuangan,SUB,False,2024,180.0,0.88
1. Jasa Perantara Keuangan,SUB,False,2025,184.09,2.27
2. Asuransi dan Dana Pensiun,SUB,False,2021,136.55,-2.44
2. Asuransi dan Dana Pensiun,SUB,False,2022,136.07,-0.35
2. Asuransi dan Dana Pensiun,SUB,False,2023,140.13,2.98
2. Asuransi dan Dana Pensiun,SUB,False,2024,143.22,2.21
2. Asuransi dan Dana Pensiun,SUB,False,2025,144.56,0.93
3. Jasa Keuangan Lainnya,SUB,False,2021,145.28,-0.87
3. Jasa Keuangan Lainnya,SUB,False,2022,139.85,-3.74
3. Jasa Keuangan Lainnya,SUB,False,2023,141.61,1.26
3. Jasa Keuangan Lainnya,SUB,False,2024,143.81,1.55
3. Jasa Keuangan Lainnya,SUB,False,2025,146.09,1.59
4. Jasa Penunjang Keuangan,SUB,False,2021,146.24,-0.18
4. Jasa Penunjang Keuangan,SUB,False,2022,142.84,-2.32
4. Jasa Penunjang Keuangan,SUB,False,2023,146.87,2.82
4. Jasa Penunjang Keuangan,SUB,False,2024,150.29,2.33
4. Jasa Penunjang Keuangan,SUB,False,2025,152.81,1.67
L. Real Estat,L,True,2021,138.64,1.27
L. Real Estat,L,True,2022,142.56,2.83
L. Real Estat,L,True,2023,147.03,3.13
L. Real Estat,L,True,2024,148.53,1.02
L. Real Estat,L,True,2025,150.52,1.34
"M,N. Jasa Perusahaan","M,N",True,2021,115.62,-0.04
"M,N. Jasa Perusahaan","M,N",True,2022,133.52,15.47
"M,N. Jasa Perusahaan","M,N",True,2023,142.2,6.5
"M,N. Jasa Perusahaan","M,N",True,2024,145.76,2.51
"M,N. Jasa Perusahaan","M,N",True,2025,148.47,1.86
"O. Administrasi Pemerintahan, Pertahanan dan Jaminan Sosial Wajib",O,True,2021,166.27,-0.46
"O. Administrasi Pemerintahan, Pertahanan dan Jaminan Sosial Wajib",O,True,2022,173.0,4.05
"O. Administrasi Pemerintahan, Pertahanan dan Jaminan Sosial Wajib",O,True,2023,180.18,4.15
"O. Administrasi Pemerintahan, Pertahanan dan Jaminan Sosial Wajib",O,True,2024,178.79,-0.77
"O. Administrasi Pemerintahan, Pertahanan dan Jaminan Sosial Wajib",O,True,2025,174.56,-2.37
P. Jasa Pendidikan,P,True,2021,177.65,3.03
P. Jasa Pendidikan,P,True,2022,185.44,4.39
P. Jasa Pendidikan,P,True,2023,188.49,1.64
P. Jasa Pendidikan,P,True,2024,193.1,2.45
P. Jasa Pendidikan,P,True,2025,198.24,2.66
Q. Jasa Kesehatan dan Kegiatan Sosial,Q,True,2021,136.36,0.57
Q. Jasa Kesehatan dan Kegiatan Sosial,Q,True,2022,140.33,2.91
Q. Jasa Kesehatan dan Kegiatan Sosial,Q,True,2023,143.67,2.38
Q. Jasa Kesehatan dan Kegiatan Sosial,Q,True,2024,145.53,1.3
Q. Jasa Kesehatan dan Kegiatan Sosial,Q,True,2025,148.51,2.05
"R,S,T,U. Jasa Lainnya","R,S,T,U",True,2021,157.58,2.14
"R,S,T,U. Jasa Lainnya","R,S,T,U",True,2022,169.58,7.61
"R,S,T,U. Jasa Lainnya","R,S,T,U",True,2023,176.46,4.06
"R,S,T,U. Jasa Lainnya","R,S,T,U",True,2024,179.95,1.98
"R,S,T,U. Jasa Lainnya","R,S,T,U",True,2025,184.85,2.72
Produk Domestik Regional Bruto (PDRB),TOTAL,True,2021,152.32,4.88
Produk Domestik Regional Bruto (PDRB),TOTAL,True,2022,162.4,6.62
Produk Domestik Regional Bruto (PDRB),TOTAL,True,2023,165.89,2.15
Produk Domestik Regional Bruto (PDRB),TOTAL,True,2024,167.88,1.19
Produk Domestik Regional Bruto (PDRB),TOTAL,True,2025,170.03,1.28
PDRB Non Migas,TOTAL_NON_MIGAS,True,2021,154.22,3.02
PDRB Non Migas,TOTAL_NON_MIGAS,True,2022,161.87,4.96
PDRB Non Migas,TOTAL_NON_MIGAS,True,2023,166.62,2.93
PDRB Non Migas,TOTAL_NON_MIGAS,True,2024,168.72,1.26
PDRB Non Migas,TOTAL_NON_MIGAS,True,2025,171.78,1.81
