Kabupaten_Kota,No,Kode,Lapangan_Usaha,2021,2022,2023,2024*,2025**,Rerata,N_Rerata,P_Rerata,D_Rerata
Kabupaten Karimun,1,A,"Pertanian, Kehutanan, dan Perikanan",-8.87,2.91,-0.69,-4.97,0.88,-2.15,5.12,-3.48,-3.79
Kabupaten Karimun,2,B,Pertambangan dan Penggalian,12.05,-14.83,-10.2,-17.58,14.0,-3.31,5.12,-5.56,-2.87
Kabupaten Karimun,3,C,Industri Pengolahan,5.82,2.92,4.6,26.26,13.51,10.62,5.12,0.62,4.88
Kabupaten Karimun,4,D,Pengadaan Listrik dan Gas,2.13,22.48,13.57,9.08,14.34,12.32,5.12,4.14,3.06
Kabupaten Karimun,5,E,"Pengadaan Air, Pengelolaan Sampah, Limbah dan Daur Ulang",-2.36,9.74,-0.36,-2.81,11.65,3.17,5.12,0.27,-2.22
Kabupaten Karimun,6,F,Konstruksi,8.67,4.43,6.83,3.31,4.79,5.6,5.12,1.13,-0.65
Kabupaten Karimun,7,G,Perdagangan Besar dan Eceran dan Reparasi Mobil dan Sepeda Motor,0.07,18.14,7.81,4.45,9.04,7.9,5.12,1.67,1.11
Kabupaten Karimun,8,H,Transportasi dan Pergudangan,-8.8,55.93,29.84,0.77,8.67,17.28,5.12,7.13,5.02
Kabupaten Karimun,9,I,Penyediaan Akomodasi dan Makan Minum,-6.72,73.46,39.58,6.24,2.86,23.08,5.12,10.36,7.6
Kabupaten Karimun,10,J,Informasi dan Komunikasi,11.09,9.47,39.02,-3.31,-6.16,10.02,5.12,1.98,2.92
Kabupaten Karimun,11,K,Jasa Keuangan dan Asuransi,-1.31,2.17,10.68,5.37,2.2,3.82,5.12,-0.11,-1.19
Kabupaten Karimun,12,L,Real Estat,-3.33,3.72,3.72,2.15,4.7,2.19,5.12,-1.6,-1.33
Kabupaten Karimun,13,"M,N",Jasa Perusahaan,17.33,18.4,26.95,3.5,20.56,17.35,5.12,8.76,3.47
Kabupaten Karimun,14,O,"Administrasi Pemerintahan, Pertahanan dan Jaminan Sosial Wajib",-19.66,0.99,3.74,27.15,-8.47,0.75,5.12,-1.83,-2.54
Kabupaten Karimun,15,P,Jasa Pendidikan,-6.2,1.48,2.3,0.2,4.47,0.45,5.12,-2.48,-2.19
Kabupaten Karimun,16,Q,Jasa Kesehatan dan Kegiatan Sosial,16.74,-1.91,-19.26,18.26,-0.84,2.6,5.12,0.82,-3.35
Kabupaten Karimun,17,"R,S,T,U",Jasa Lainnya,-7.96,84.52,32.13,20.66,-0.05,25.86,5.12,16.08,4.66
Kabupaten Bintan,1,A,"Pertanian, Kehutanan, dan Perikanan",-0.75,4.71,-0.99,-5.99,-0.79,-0.76,5.12,-3.48,-2.4
Kabupaten Bintan,2,B,Pertambangan dan Penggalian,-13.26,-32.44,-26.48,-29.69,13.23,-17.73,5.12,-5.56,-17.29
Kabupaten Bintan,3,C,Industri Pengolahan,8.04,6.37,-0.11,12.71,10.74,7.55,5.12,0.62,1.81
Kabupaten Bintan,4,D,Pengadaan Listrik dan Gas,5.39,15.2,10.82,4.36,12.09,9.57,5.12,4.14,0.31
Kabupaten Bintan,5,E,"Pengadaan Air, Pengelolaan Sampah, Limbah dan Daur Ulang",1.41,8.03,1.83,-3.84,11.38,3.76,5.12,0.27,-1.63
Kabupaten Bintan,6,F,Konstruksi,4.71,1.35,10.25,3.4,3.52,4.65,5.12,1.13,-1.61
Kabupaten Bintan,7,G,Perdagangan Besar dan Eceran dan Reparasi Mobil dan Sepeda Motor,2.01,13.16,10.43,2.93,7.77,7.26,5.12,1.67,0.47
Kabupaten Bintan,8,H,Transportasi dan Pergudangan,1.73,40.38,34.98,-0.35,6.4,16.63,5.12,7.13,4.37
Kabupaten Bintan,9,I,Penyediaan Akomodasi dan Makan Minum,-7.42,86.68,53.76,2.85,1.09,27.39,5.12,10.36,11.91
Kabupaten Bintan,10,J,Informasi dan Komunikasi,10.03,9.21,36.01,-1.92,-7.93,9.08,5.12,1.98,1.98
Kabupaten Bintan,11,K,Jasa Keuangan dan Asuransi,0.52,1.27,7.4,2.55,0.33,2.42,5.12,-0.11,-2.6
Kabupaten Bintan,12,L,Real Estat,-3.6,2.9,0.76,0.74,2.93,0.75,5.12,-1.6,-2.78
Kabupaten Bintan,13,"M,N",Jasa Perusahaan,13.91,19.08,27.56,1.86,21.42,16.77,5.12,8.76,2.89
Kabupaten Bintan,14,O,"Administrasi Pemerintahan, Pertahanan dan Jaminan Sosial Wajib",-16.97,3.39,0.45,25.9,-10.74,0.41,5.12,-1.83,-2.89
Kabupaten Bintan,15,P,Jasa Pendidikan,-3.5,2.34,2.89,-1.91,2.7,0.5,5.12,-2.48,-2.14
Kabupaten Bintan,16,Q,Jasa Kesehatan dan Kegiatan Sosial,15.12,0.5,-23.08,29.74,-2.11,4.03,5.12,0.82,-1.91
Kabupaten Bintan,17,"R,S,T,U",Jasa Lainnya,-2.65,78.22,40.56,22.37,-1.82,27.34,5.12,16.08,6.14
Kabupaten Natuna,1,A,"Pertanian, Kehutanan, dan Perikanan",-3.03,5.66,-3.28,-2.87,2.28,-0.25,5.12,-3.48,-1.89
Kabupaten Natuna,2,B,Pertambangan dan Penggalian,-2.16,-10.27,-11.64,-19.66,27.3,-3.29,5.12,-5.56,-2.85
Kabupaten Natuna,3,C,Industri Pengolahan,6.98,0.56,-1.42,11.54,10.31,5.59,5.12,0.62,-0.15
Kabupaten Natuna,4,D,Pengadaan Listrik dan Gas,8.45,14.46,9.72,10.39,16.03,11.81,5.12,4.14,2.55
Kabupaten Natuna,5,E,"Pengadaan Air, Pengelolaan Sampah, Limbah dan Daur Ulang",1.18,9.16,2.48,0.07,18.72,6.33,5.12,0.27,0.93
Kabupaten Natuna,6,F,Konstruksi,4.48,1.44,14.64,7.5,5.89,6.79,5.12,1.13,0.53
Kabupaten Natuna,7,G,Perdagangan Besar dan Eceran dan Reparasi Mobil dan Sepeda Motor,1.31,20.71,5.4,7.18,10.39,9.0,5.12,1.67,2.21
Kabupaten Natuna,8,H,Transportasi dan Pergudangan,-1.26,42.02,23.5,1.02,9.65,14.99,5.12,7.13,2.73
Kabupaten Natuna,9,I,Penyediaan Akomodasi dan Makan Minum,-5.64,57.77,48.28,4.42,1.03,21.17,5.12,10.36,5.69
Kabupaten Natuna,10,J,Informasi dan Komunikasi,11.26,11.5,33.58,-4.12,-10.01,8.44,5.12,1.98,1.34
Kabupaten Natuna,11,K,Jasa Keuangan dan Asuransi,2.45,7.02,10.95,10.82,3.51,6.95,5.12,-0.11,1.94
Kabupaten Natuna,12,L,Real Estat,-2.09,3.38,4.16,7.18,6.71,3.87,5.12,-1.6,0.34
Kabupaten Natuna,13,"M,N",Jasa Perusahaan,13.65,23.11,34.2,10.14,28.66,21.95,5.12,8.76,8.07
Kabupaten Natuna,14,O,"Administrasi Pemerintahan, Pertahanan dan Jaminan Sosial Wajib",-8.02,1.38,3.92,31.72,-7.63,4.27,5.12,-1.83,0.98
Kabupaten Natuna,15,P,Jasa Pendidikan,-2.25,0.67,1.4,3.88,6.26,1.99,5.12,-2.48,-0.65
Kabupaten Natuna,16,Q,Jasa Kesehatan dan Kegiatan Sosial,15.27,0.45,-15.98,35.2,0.63,7.11,5.12,0.82,1.17
Kabupaten Natuna,17,"R,S,T,U",Jasa Lainnya,-0.73,115.15,36.67,27.9,-0.78,35.64,5.12,16.08,14.44
Kabupaten Lingga,1,A,"Pertanian, Kehutanan, dan Perikanan",-2.95,3.04,-0.66,-3.65,1.72,-0.5,5.12,-3.48,-2.14
Kabupaten Lingga,2,B,Pertambangan dan Penggalian,-1.3,-9.6,-5.85,-4.93,19.44,-0.45,5.12,-5.56,-0.0
Kabupaten Lingga,3,C,Industri Pengolahan,6.74,3.7,1.66,3.81,8.44,4.87,5.12,0.62,-0.87
Kabupaten Lingga,4,D,Pengadaan Listrik dan Gas,4.99,16.44,12.78,8.34,14.26,11.36,5.12,4.14,2.1
Kabupaten Lingga,5,E,"Pengadaan Air, Pengelolaan Sampah, Limbah dan Daur Ulang",0.37,10.57,2.23,-1.42,15.72,5.49,5.12,0.27,0.1
Kabupaten Lingga,6,F,Konstruksi,4.26,6.36,9.33,6.8,6.23,6.59,5.12,1.13,0.34
Kabupaten Lingga,7,G,Perdagangan Besar dan Eceran dan Reparasi Mobil dan Sepeda Motor,0.86,15.06,6.22,8.58,10.48,8.24,5.12,1.67,1.45
Kabupaten Lingga,8,H,Transportasi dan Pergudangan,-0.02,45.87,29.48,3.95,10.11,17.88,5.12,7.13,5.62
Kabupaten Lingga,9,I,Penyediaan Akomodasi dan Makan Minum,-4.03,54.53,43.3,11.62,3.81,21.85,5.12,10.36,6.36
Kabupaten Lingga,10,J,Informasi dan Komunikasi,12.08,9.37,34.94,-3.31,-5.72,9.47,5.12,1.98,2.37
Kabupaten Lingga,11,K,Jasa Keuangan dan Asuransi,1.24,2.66,10.64,5.29,3.03,4.57,5.12,-0.11,-0.44
Kabupaten Lingga,12,L,Real Estat,-3.49,5.17,0.97,5.46,5.64,2.75,5.12,-1.6,-0.78
Kabupaten Lingga,13,"M,N",Jasa Perusahaan,12.25,11.44,14.02,0.63,44.96,16.66,5.12,8.76,2.78
Kabupaten Lingga,14,O,"Administrasi Pemerintahan, Pertahanan dan Jaminan Sosial Wajib",-7.71,2.84,3.86,20.89,-7.03,2.57,5.12,-1.83,-0.72
Kabupaten Lingga,15,P,Jasa Pendidikan,-3.73,2.0,3.38,0.61,4.41,1.34,5.12,-2.48,-1.31
Kabupaten Lingga,16,Q,Jasa Kesehatan dan Kegiatan Sosial,12.61,0.01,-9.63,16.68,0.6,4.05,5.12,0.82,-1.89
Kabupaten Lingga,17,"R,S,T,U",Jasa Lainnya,-2.41,71.4,17.8,17.31,0.87,20.99,5.12,16.08,-0.21
Kabupaten Kepulauan Anambas,1,A,"Pertanian, Kehutanan, dan Perikanan",-1.92,6.85,2.19,0.48,5.69,2.66,5.12,-3.48,1.02
Kabupaten Kepulauan Anambas,2,B,Pertambangan dan Penggalian,-1.33,-7.8,-3.98,-9.05,15.28,-1.38,5.12,-5.56,-0.94
Kabupaten Kepulauan Anambas,3,C,Industri Pengolahan,8.64,7.53,4.06,14.88,13.71,9.76,5.12,0.62,4.02
Kabupaten Kepulauan Anambas,4,D,Pengadaan Listrik dan Gas,7.2,19.13,15.14,13.8,19.48,14.95,5.12,4.14,5.69
Kabupaten Kepulauan Anambas,5,E,"Pengadaan Air, Pengelolaan Sampah, Limbah dan Daur Ulang",-3.06,14.98,6.52,4.17,21.52,8.83,5.12,0.27,3.44
Kabupaten Kepulauan Anambas,6,F,Konstruksi,11.28,7.78,20.11,10.84,9.31,11.86,5.12,1.13,5.61
Kabupaten Kepulauan Anambas,7,G,Perdagangan Besar dan Eceran dan Reparasi Mobil dan Sepeda Motor,3.7,23.93,10.87,10.52,13.81,12.56,5.12,1.67,5.78
Kabupaten Kepulauan Anambas,8,H,Transportasi dan Pergudangan,5.0,48.72,28.96,4.39,13.05,20.02,5.12,7.13,7.77
Kabupaten Kepulauan Anambas,9,I,Penyediaan Akomodasi dan Makan Minum,1.65,60.53,53.78,7.74,4.44,25.63,5.12,10.36,10.15
Kabupaten Kepulauan Anambas,10,J,Informasi dan Komunikasi,15.95,11.74,39.05,-0.78,-6.6,11.87,5.12,1.98,4.77
Kabupaten Kepulauan Anambas,11,K,Jasa Keuangan dan Asuransi,2.09,5.34,16.44,14.17,6.93,9.0,5.12,-0.11,3.98
Kabupaten Kepulauan Anambas,12,L,Real Estat,0.84,7.74,9.63,10.51,10.13,7.77,5.12,-1.6,4.25
Kabupaten Kepulauan Anambas,13,"M,N",Jasa Perusahaan,14.1,15.09,17.45,4.39,65.41,23.29,5.12,8.76,9.41
Kabupaten Kepulauan Anambas,14,O,"Administrasi Pemerintahan, Pertahanan dan Jaminan Sosial Wajib",-12.2,6.35,9.39,35.06,-4.21,6.88,5.12,-1.83,3.58
Kabupaten Kepulauan Anambas,15,P,Jasa Pendidikan,-5.27,7.1,6.89,7.22,9.66,5.12,5.12,-2.48,2.47
Kabupaten Kepulauan Anambas,16,Q,Jasa Kesehatan dan Kegiatan Sosial,16.16,5.34,-10.5,38.55,4.03,10.72,5.12,0.82,4.77
Kabupaten Kepulauan Anambas,17,"R,S,T,U",Jasa Lainnya,-0.98,78.49,42.2,31.21,2.6,30.7,5.12,16.08,9.51
Kota Batam,1,A,"Pertanian, Kehutanan, dan Perikanan",-3.64,2.91,-4.08,-6.79,0.69,-2.18,5.12,-3.48,-3.82
Kota Batam,2,B,Pertambangan dan Penggalian,-1.91,-7.47,-12.43,-23.6,25.73,-3.94,5.12,-5.56,-3.49
Kota Batam,3,C,Industri Pengolahan,7.16,4.09,-0.62,7.38,8.75,5.35,5.12,0.62,-0.39
Kota Batam,4,D,Pengadaan Listrik dan Gas,3.36,25.42,8.92,6.47,14.45,11.72,5.12,4.14,2.46
Kota Batam,5,E,"Pengadaan Air, Pengelolaan Sampah, Limbah dan Daur Ulang",-0.88,6.05,1.76,-3.97,17.1,4.01,5.12,0.27,-1.38
Kota Batam,6,F,Konstruksi,3.75,2.55,13.84,7.42,4.31,6.37,5.12,1.13,0.12
Kota Batam,7,G,Perdagangan Besar dan Eceran dan Reparasi Mobil dan Sepeda Motor,0.09,14.06,11.69,11.73,8.81,9.27,5.12,1.67,2.49
Kota Batam,8,H,Transportasi dan Pergudangan,-2.64,78.17,22.7,-2.91,8.07,20.68,5.12,7.13,8.42
Kota Batam,9,I,Penyediaan Akomodasi dan Makan Minum,-7.62,91.65,47.48,0.49,-0.55,26.29,5.12,10.36,10.81
Kota Batam,10,J,Informasi dan Komunikasi,8.6,4.17,32.78,-8.05,-11.59,5.18,5.12,1.98,-1.92
Kota Batam,11,K,Jasa Keuangan dan Asuransi,-0.25,2.04,10.17,6.89,1.93,4.15,5.12,-0.11,-0.86
Kota Batam,12,L,Real Estat,-4.55,2.51,3.36,3.25,5.13,1.94,5.12,-1.6,-1.59
Kota Batam,13,"M,N",Jasa Perusahaan,13.16,21.33,29.58,2.21,27.03,18.66,5.12,8.76,4.78
Kota Batam,14,O,"Administrasi Pemerintahan, Pertahanan dan Jaminan Sosial Wajib",-9.37,-2.42,3.12,27.79,-9.22,1.98,5.12,-1.83,-1.31
Kota Batam,15,P,Jasa Pendidikan,-4.37,-2.96,0.6,-0.05,4.67,-0.42,5.12,-2.48,-3.07
Kota Batam,16,Q,Jasa Kesehatan dan Kegiatan Sosial,11.35,-0.26,-16.78,31.27,-0.95,4.93,5.12,0.82,-1.02
Kota Batam,17,"R,S,T,U",Jasa Lainnya,-3.68,86.97,35.89,23.97,-2.37,28.15,5.12,16.08,6.96
Kota Tanjungpinang,1,A,"Pertanian, Kehutanan, dan Perikanan",-2.37,3.84,-1.09,-1.31,2.04,0.22,5.12,-3.48,-1.42
Kota Tanjungpinang,2,B,Pertambangan dan Penggalian,-11.33,-9.1,-18.46,-16.05,27.35,-5.52,5.12,-5.56,-5.08
Kota Tanjungpinang,3,C,Industri Pengolahan,6.14,2.66,0.26,4.64,10.11,4.76,5.12,0.62,-0.98
Kota Tanjungpinang,4,D,Pengadaan Listrik dan Gas,3.87,15.88,10.1,8.79,15.8,10.89,5.12,4.14,1.63
Kota Tanjungpinang,5,E,"Pengadaan Air, Pengelolaan Sampah, Limbah dan Daur Ulang",7.46,7.39,3.63,-2.97,18.48,6.8,5.12,0.27,1.41
Kota Tanjungpinang,6,F,Konstruksi,4.25,1.4,6.14,1.43,5.67,3.78,5.12,1.13,-2.48
Kota Tanjungpinang,7,G,Perdagangan Besar dan Eceran dan Reparasi Mobil dan Sepeda Motor,3.32,14.51,6.85,9.69,10.17,8.91,5.12,1.67,2.12
Kota Tanjungpinang,8,H,Transportasi dan Pergudangan,-10.52,63.25,21.22,6.75,9.43,18.02,5.12,7.13,5.77
Kota Tanjungpinang,9,I,Penyediaan Akomodasi dan Makan Minum,-8.39,79.47,43.05,5.85,0.81,24.16,5.12,10.36,8.68
Kota Tanjungpinang,10,J,Informasi dan Komunikasi,12.35,8.76,23.88,2.34,-10.24,7.42,5.12,1.98,0.32
Kota Tanjungpinang,11,K,Jasa Keuangan dan Asuransi,1.09,2.03,10.36,8.02,3.29,4.96,5.12,-0.11,-0.05
Kota Tanjungpinang,12,L,Real Estat,-3.53,3.28,8.16,6.55,6.49,4.19,5.12,-1.6,0.66
Kota Tanjungpinang,13,"M,N",Jasa Perusahaan,14.54,16.92,23.08,3.37,28.64,17.31,5.12,8.76,3.43
Kota Tanjungpinang,14,O,"Administrasi Pemerintahan, Pertahanan dan Jaminan Sosial Wajib",-10.25,2.6,8.96,17.45,-7.85,2.18,5.12,-1.83,-1.11
Kota Tanjungpinang,15,P,Jasa Pendidikan,-3.74,1.47,2.2,0.73,6.03,1.34,5.12,-2.48,-1.31
Kota Tanjungpinang,16,Q,Jasa Kesehatan dan Kegiatan Sosial,17.43,-2.57,-4.98,22.53,0.41,6.56,5.12,0.82,0.62
Kota Tanjungpinang,17,"R,S,T,U",Jasa Lainnya,-6.77,79.98,26.2,23.2,-1.01,24.32,5.12,16.08,3.12
